pokemon_id,move_id,level,order
1,33,1,1,
1,45,1,3,
1,73,1,7,
1,22,1,9,
1,77,1,13,1
1,79,1,13,2
1,36,1,15,
1,75,1,19,
1,230,1,21,
1,74,1,25,
1,38,1,27,
1,388,1,31,
1,235,1,33,
1,402,1,37,
2,33,1,1,1
2,45,1,1,2
2,73,1,1,3
2,45,1,3,
2,73,1,7,
2,22,1,9,
2,77,1,13,1
2,79,1,13,2
2,36,1,15,
2,75,1,20,
2,230,1,23,
2,74,1,28,
2,38,1,31,
2,388,1,36,
2,235,1,39,
2,76,1,44,
3,80,1,0,
3,80,1,1,1
3,33,1,1,2
3,45,1,1,3
3,73,1,1,4
3,22,1,1,5
3,45,1,3,
3,73,1,7,
3,22,1,9,
3,77,1,13,1
3,79,1,13,2
3,36,1,15,
3,75,1,20,
3,230,1,23,
3,74,1,28,
3,38,1,31,
3,388,1,39,
3,235,1,45,
3,572,1,50,
3,76,1,53,
4,10,1,1,1
4,45,1,1,2
4,52,1,7,
4,108,1,10,
4,82,1,16,
4,184,1,19,
4,424,1,25,
4,481,1,28,
4,163,1,34,
4,53,1,37,
4,83,1,43,
4,517,1,46,
5,10,1,1,1
5,45,1,1,2
5,52,1,1,3
5,52,1,7,
5,108,1,10,
5,82,1,17,
5,184,1,21,
5,424,1,28,
5,481,1,32,
5,163,1,39,
5,53,1,43,
5,83,1,50,
5,517,1,54,
6,17,1,0,
6,17,1,1,1
6,394,1,1,2
6,257,1,1,3
6,337,1,1,4
6,421,1,1,5
6,403,1,1,6
6,10,1,1,7
6,45,1,1,8
6,52,1,1,9
6,52,1,7,
6,108,1,10,
6,82,1,17,
6,184,1,21,
6,424,1,28,
6,481,1,32,
6,163,1,41,
6,53,1,47,
6,83,1,56,
6,517,1,62,
6,257,1,71,
6,394,1,77,
7,33,1,1,
7,39,1,4,
7,55,1,7,
7,110,1,10,
7,145,1,13,
7,44,1,16,
7,229,1,19,
7,182,1,22,
7,352,1,25,
7,401,1,28,
7,130,1,31,
7,334,1,34,
7,240,1,37,
7,56,1,40,
8,33,1,1,1
8,39,1,1,2
8,55,1,1,3
8,39,1,4,
8,55,1,7,
8,110,1,10,
8,145,1,13,
8,44,1,17,
8,229,1,21,
8,182,1,25,
8,352,1,29,
8,401,1,33,
8,130,1,37,
8,334,1,41,
8,240,1,45,
8,56,1,49,
9,430,1,1,1
9,33,1,1,2
9,39,1,1,3
9,55,1,1,4
9,110,1,1,5
9,39,1,4,
9,55,1,7,
9,110,1,10,
9,145,1,13,
9,44,1,17,
9,229,1,21,
9,182,1,25,
9,352,1,29,
9,401,1,33,
9,130,1,40,
9,334,1,47,
9,240,1,54,
9,56,1,60,
10,33,1,1,1
10,81,1,1,2
10,450,1,9,
11,106,1,0,
11,106,1,1,
12,16,1,0,
12,16,1,1,1
12,93,1,1,2
12,93,1,11,
12,77,1,13,1
12,78,1,13,2
12,79,1,13,3
12,60,1,17,
12,318,1,19,
12,48,1,23,
12,219,1,25,
12,18,1,29,
12,405,1,31,
12,476,1,35,
12,445,1,37,
12,366,1,41,
12,403,1,43,
12,483,1,47,
13,40,1,1,1
13,81,1,1,2
13,450,1,9,
14,106,1,0,
14,106,1,1,
15,41,1,0,
15,41,1,1,1
15,31,1,1,2
15,31,1,11,
15,99,1,14,
15,228,1,17,
15,116,1,20,
15,474,1,23,
15,372,1,26,
15,390,1,29,
15,42,1,32,
15,398,1,35,
15,97,1,38,
15,283,1,41,
15,565,1,44,
16,33,1,1,
16,28,1,5,
16,16,1,9,
16,98,1,13,
16,18,1,17,
16,239,1,21,
16,297,1,25,
16,97,1,29,
16,17,1,33,
16,355,1,37,
16,366,1,41,
16,119,1,45,
16,403,1,49,
16,542,1,53,
17,33,1,1,1
17,28,1,1,2
17,16,1,1,3
17,28,1,5,
17,16,1,9,
17,98,1,13,
17,18,1,17,
17,239,1,22,
17,297,1,27,
17,97,1,32,
17,17,1,37,
17,355,1,42,
17,366,1,47,
17,119,1,52,
17,403,1,57,
17,542,1,62,
18,542,1,1,1
18,33,1,1,2
18,28,1,1,3
18,16,1,1,4
18,98,1,1,5
18,28,1,5,
18,16,1,9,
18,98,1,13,
18,18,1,17,
18,239,1,22,
18,297,1,27,
18,97,1,32,
18,17,1,38,
18,355,1,44,
18,366,1,50,
18,119,1,56,
18,403,1,62,
18,542,1,68,
19,33,1,1,1
19,39,1,1,2
19,98,1,4,
19,116,1,7,
19,44,1,10,
19,228,1,13,
19,158,1,16,
19,372,1,19,
19,242,1,22,
19,389,1,25,
19,162,1,28,
19,38,1,31,
19,283,1,34,
20,184,1,0,
20,184,1,1,1
20,14,1,1,2
20,33,1,1,3
20,39,1,1,4
20,98,1,1,5
20,116,1,1,6
20,98,1,4,
20,116,1,7,
20,44,1,10,
20,228,1,13,
20,158,1,16,
20,372,1,19,
20,242,1,24,
20,389,1,29,
20,162,1,34,
20,38,1,39,
20,283,1,44,
21,64,1,1,1
21,45,1,1,2
21,43,1,4,
21,228,1,8,
21,31,1,11,
21,332,1,15,
21,119,1,18,
21,372,1,22,
21,97,1,25,
21,116,1,29,
21,355,1,32,
21,65,1,36,
22,529,1,1,1
22,365,1,1,2
22,64,1,1,3
22,45,1,1,4
22,43,1,1,5
22,228,1,1,6
22,43,1,4,
22,228,1,8,
22,31,1,11,
22,332,1,15,
22,119,1,18,
22,372,1,23,
22,97,1,27,
22,116,1,32,
22,355,1,36,
22,65,1,41,
22,529,1,45,
23,35,1,1,1
23,43,1,1,2
23,40,1,4,
23,44,1,9,
23,137,1,12,
23,103,1,17,
23,51,1,20,
23,254,1,25,1
23,256,1,25,2
23,255,1,25,3
23,491,1,28,
23,426,1,33,
23,380,1,36,
23,562,1,38,
23,114,1,41,
23,489,1,44,
23,441,1,49,
24,242,1,0,
24,242,1,1,1
24,423,1,1,2
24,422,1,1,3
24,424,1,1,4
24,35,1,1,5
24,43,1,1,6
24,40,1,1,7
24,44,1,1,8
24,40,1,4,
24,44,1,9,
24,137,1,12,
24,103,1,17,
24,51,1,20,
24,254,1,27,1
24,256,1,27,2
24,255,1,27,3
24,491,1,32,
24,426,1,39,
24,380,1,44,
24,562,1,48,
24,114,1,51,
24,489,1,56,
24,441,1,63,
25,39,1,1,1
25,84,1,1,2
25,45,1,5,
25,589,1,7,
25,98,1,10,
25,486,1,13,
25,86,1,18,
25,364,1,21,
25,104,1,23,
25,209,1,26,
25,609,1,29,
25,435,1,34,
25,21,1,37,
25,85,1,42,
25,97,1,45,
25,528,1,50,
25,113,1,53,
25,87,1,58,
26,84,1,1,1
26,39,1,1,2
26,98,1,1,3
26,85,1,1,4
27,10,1,1,1
27,111,1,1,2
27,28,1,3,
27,40,1,5,
27,205,1,7,
27,229,1,9,
27,210,1,11,
27,222,1,14,
27,129,1,17,
27,154,1,20,
27,328,1,23,
27,163,1,26,
27,91,1,30,
27,360,1,34,
27,14,1,38,
27,201,1,42,
27,89,1,46,
28,306,1,0,
28,306,1,1,1
28,10,1,1,2
28,111,1,1,3
28,28,1,1,4
28,40,1,1,5
28,28,1,3,
28,40,1,5,
28,205,1,7,
28,229,1,9,
28,210,1,11,
28,222,1,14,
28,129,1,17,
28,154,1,20,
28,328,1,24,
28,163,1,28,
28,91,1,33,
28,360,1,38,
28,14,1,43,
28,201,1,48,
28,89,1,53,
29,45,1,1,1
29,10,1,1,2
29,39,1,7,
29,24,1,9,
29,40,1,13,
29,154,1,19,
29,44,1,21,
29,270,1,25,
29,390,1,31,
29,260,1,33,
29,242,1,37,
29,445,1,43,
29,305,1,45,
30,45,1,1,1
30,10,1,1,2
30,39,1,7,
30,24,1,9,
30,40,1,13,
30,154,1,20,
30,44,1,23,
30,270,1,28,
30,390,1,35,
30,260,1,38,
30,242,1,43,
30,445,1,50,
30,305,1,58,
31,276,1,1,1
31,10,1,1,2
31,39,1,1,3
31,24,1,1,4
31,40,1,1,5
31,498,1,23,
31,34,1,35,
31,414,1,43,
31,276,1,58,
32,43,1,1,1
32,64,1,1,2
32,116,1,7,
32,24,1,9,
32,40,1,13,
32,31,1,19,
32,30,1,21,
32,270,1,25,
32,390,1,31,
32,260,1,33,
32,398,1,37,
32,445,1,43,
32,32,1,45,
33,43,1,1,1
33,64,1,1,2
33,116,1,7,
33,24,1,9,
33,40,1,13,
33,31,1,20,
33,30,1,23,
33,270,1,28,
33,390,1,35,
33,260,1,38,
33,398,1,43,
33,445,1,50,
33,32,1,58,
34,224,1,1,1
34,64,1,1,2
34,116,1,1,3
34,24,1,1,4
34,40,1,1,5
34,498,1,23,
34,37,1,35,
34,414,1,43,
34,224,1,58,
35,671,1,1,1
35,574,1,1,2
35,1,1,1,3
35,45,1,1,4
35,227,1,1,5
35,47,1,7,
35,3,1,10,
35,111,1,13,
35,266,1,16,
35,516,1,19,
35,358,1,22,
35,107,1,25,
35,500,1,28,
35,118,1,31,
35,322,1,34,
35,381,1,37,
35,34,1,40,
35,236,1,43,
35,585,1,46,
35,356,1,49,
35,309,1,50,
35,361,1,55,
35,495,1,58,
36,671,1,1,1
36,574,1,1,2
36,47,1,1,3
36,3,1,1,4
36,107,1,1,5
36,118,1,1,6
37,52,1,1,
37,39,1,4,
37,46,1,7,
37,608,1,9,
37,98,1,10,
37,109,1,12,
37,83,1,15,
37,371,1,18,
37,261,1,20,
37,185,1,23,
37,506,1,26,
37,481,1,28,
37,326,1,31,
37,219,1,34,
37,53,1,36,
37,286,1,39,
37,126,1,42,
37,288,1,44,
37,445,1,47,
37,517,1,50,
38,286,1,1,1
38,417,1,1,2
38,53,1,1,3
38,98,1,1,4
38,109,1,1,5
38,219,1,1,6
39,47,1,1,
39,111,1,3,
39,1,1,5,
39,589,1,9,
39,574,1,11,
39,50,1,14,
39,3,1,17,
39,205,1,20,
39,496,1,22,
39,254,1,25,1
39,256,1,25,2
39,255,1,25,3
39,358,1,27,
39,156,1,30,
39,34,1,32,
39,360,1,35,
39,102,1,38,
39,304,1,41,
39,38,1,45,
40,38,1,1,1
40,583,1,1,2
40,47,1,1,3
40,111,1,1,4
40,50,1,1,5
40,3,1,1,6
41,71,1,1,
41,48,1,5,
41,310,1,7,
41,44,1,11,
41,17,1,13,
41,109,1,17,
41,314,1,19,
41,129,1,23,
41,305,1,25,
41,212,1,29,
41,141,1,31,
41,114,1,35,
41,474,1,37,
41,403,1,41,
41,501,1,43,
42,103,1,1,1
42,71,1,1,2
42,48,1,1,3
42,310,1,1,4
42,44,1,1,5
42,48,1,5,
42,310,1,7,
42,44,1,11,
42,17,1,13,
42,109,1,17,
42,314,1,19,
42,129,1,24,
42,305,1,27,
42,212,1,32,
42,141,1,35,
42,114,1,40,
42,474,1,43,
42,403,1,48,
42,501,1,51,
43,71,1,1,1
43,74,1,1,2
43,230,1,5,
43,51,1,9,
43,77,1,13,
43,78,1,14,
43,79,1,15,
43,72,1,19,
43,381,1,23,
43,236,1,27,
43,202,1,31,
43,92,1,35,
43,363,1,39,
43,585,1,43,
43,580,1,47,
43,80,1,51,
44,71,1,1,1
44,74,1,1,2
44,230,1,1,3
44,51,1,1,4
44,230,1,5,
44,51,1,9,
44,77,1,13,
44,78,1,14,
44,79,1,15,
44,72,1,19,
44,381,1,24,
44,236,1,29,
44,202,1,34,
44,92,1,39,
44,363,1,44,
44,572,1,49,
44,580,1,54,
44,80,1,59,
45,72,1,1,1
45,312,1,1,2
45,77,1,1,3
45,78,1,1,4
45,572,1,49,
45,80,1,59,
45,76,1,69,
46,10,1,1,
46,78,1,6,1
46,77,1,6,2
46,71,1,11,
46,210,1,17,
46,147,1,22,
46,163,1,27,
46,74,1,33,
46,202,1,38,
46,312,1,43,
46,476,1,49,
46,404,1,54,
47,440,1,1,1
47,10,1,1,2
47,78,1,1,3
47,77,1,1,4
47,71,1,1,5
47,78,1,6,1
47,77,1,6,2
47,71,1,11,
47,210,1,17,
47,147,1,22,
47,163,1,29,
47,74,1,37,
47,202,1,44,
47,312,1,51,
47,476,1,59,
47,404,1,66,
48,33,1,1,1
48,50,1,1,2
48,193,1,1,3
48,48,1,5,
48,93,1,11,
48,77,1,13,
48,60,1,17,
48,78,1,23,
48,324,1,25,
48,79,1,29,
48,141,1,35,
48,428,1,37,
48,305,1,41,
48,94,1,47,
49,16,1,0,
49,16,1,1,1
49,483,1,1,2
49,405,1,1,3
49,318,1,1,4
49,33,1,1,5
49,50,1,1,6
49,193,1,1,7
49,48,1,1,8
49,48,1,5,
49,93,1,11,
49,77,1,13,
49,60,1,17,
49,78,1,23,
49,324,1,25,
49,79,1,29,
49,141,1,37,
49,428,1,41,
49,305,1,47,
49,94,1,55,
49,405,1,59,
49,483,1,63,
50,28,1,1,1
50,10,1,1,2
50,45,1,4,
50,310,1,7,
50,189,1,10,
50,222,1,14,
50,523,1,18,
50,389,1,22,
50,426,1,25,
50,414,1,28,
50,91,1,31,
50,163,1,35,
50,89,1,39,
50,90,1,43,
51,328,1,0,
51,328,1,1,1
51,563,1,1,2
51,400,1,1,3
51,161,1,1,4
51,10,1,1,5
51,28,1,1,6
51,45,1,1,7
51,45,1,4,
51,310,1,7,
51,189,1,10,
51,222,1,14,
51,523,1,18,
51,389,1,22,
51,426,1,25,
51,414,1,30,
51,91,1,35,
51,163,1,41,
51,89,1,47,
51,90,1,53,
52,10,1,1,1
52,45,1,1,2
52,44,1,6,
52,252,1,9,
52,154,1,14,
52,103,1,17,
52,185,1,22,
52,269,1,25,
52,6,1,30,
52,163,1,33,
52,417,1,38,
52,372,1,41,
52,445,1,46,
52,400,1,49,
52,364,1,50,
53,129,1,0,
53,129,1,1,1
53,583,1,1,2
53,415,1,1,3
53,10,1,1,4
53,45,1,1,5
53,44,1,1,6
53,252,1,1,7
53,44,1,6,
53,252,1,9,
53,154,1,14,
53,103,1,17,
53,185,1,22,
53,269,1,25,
53,408,1,32,
53,163,1,37,
53,417,1,44,
53,372,1,49,
53,445,1,56,
53,400,1,61,
53,364,1,65,
54,346,1,1,1
54,10,1,1,2
54,39,1,4,
54,55,1,7,
54,93,1,10,
54,154,1,13,
54,352,1,16,
54,50,1,19,
54,103,1,22,
54,428,1,25,
54,401,1,28,
54,487,1,31,
54,244,1,34,
54,133,1,37,
54,56,1,40,
54,472,1,43,
55,382,1,1,1
55,453,1,1,2
55,346,1,1,3
55,10,1,1,4
55,39,1,1,5
55,55,1,1,6
55,39,1,4,
55,55,1,7,
55,93,1,10,
55,154,1,13,
55,352,1,16,
55,50,1,19,
55,103,1,22,
55,428,1,25,
55,401,1,28,
55,487,1,31,
55,244,1,36,
55,133,1,41,
55,56,1,46,
55,472,1,51,
56,343,1,1,1
56,10,1,1,2
56,67,1,1,3
56,43,1,1,4
56,116,1,1,5
56,154,1,5,
56,2,1,8,
56,228,1,12,
56,69,1,15,
56,207,1,19,
56,238,1,22,
56,372,1,26,
56,386,1,29,
56,37,1,33,
56,370,1,36,
56,103,1,40,
56,707,1,43,
56,200,1,47,
56,515,1,50,
57,99,1,0,
57,99,1,1,1
57,515,1,1,2
57,374,1,1,3
57,10,1,1,4
57,67,1,1,5
57,43,1,1,6
57,116,1,1,7
57,154,1,5,
57,2,1,8,
57,228,1,12,
57,69,1,15,
57,207,1,19,
57,238,1,22,
57,372,1,26,
57,386,1,30,
57,37,1,35,
57,370,1,39,
57,103,1,44,
57,707,1,48,
57,200,1,53,
57,515,1,57,
58,44,1,1,1
58,46,1,1,2
58,52,1,6,
58,43,1,8,
58,316,1,10,
58,270,1,12,
58,172,1,17,
58,179,1,19,
58,424,1,21,
58,36,1,23,
58,481,1,28,
58,97,1,30,
58,514,1,32,
58,53,1,34,
58,242,1,39,
58,257,1,41,
58,200,1,43,
58,394,1,45,
59,422,1,1,1
59,44,1,1,2
59,46,1,1,3
59,316,1,1,4
59,424,1,1,5
59,245,1,34,
60,346,1,1,
60,55,1,5,
60,95,1,8,
60,145,1,11,
60,3,1,15,
60,240,1,18,
60,34,1,21,
60,61,1,25,
60,341,1,28,
60,187,1,31,
60,358,1,35,
60,56,1,38,
60,426,1,41,
61,346,1,1,1
61,55,1,1,2
61,95,1,1,3
61,55,1,5,
61,95,1,8,
61,145,1,11,
61,3,1,15,
61,240,1,18,
61,34,1,21,
61,61,1,27,
61,341,1,32,
61,187,1,37,
61,358,1,43,
61,56,1,48,
61,426,1,53,
62,66,1,0,
62,66,1,1,1
62,509,1,1,2
62,61,1,1,3
62,95,1,1,4
62,3,1,1,5
62,223,1,32,
62,170,1,43,
62,509,1,53,
63,100,1,1,
64,134,1,0,
64,134,1,1,1
64,100,1,1,2
64,93,1,1,3
64,93,1,16,
64,50,1,18,
64,60,1,21,
64,357,1,23,
64,115,1,26,
64,427,1,28,
64,105,1,31,
64,477,1,33,
64,502,1,36,
64,94,1,38,
64,272,1,41,
64,248,1,43,
64,271,1,46,
65,134,1,0,
65,134,1,1,1
65,100,1,1,2
65,93,1,1,3
65,93,1,16,
65,50,1,18,
65,60,1,21,
65,357,1,23,
65,115,1,26,
65,427,1,28,
65,105,1,31,
65,477,1,33,
65,502,1,36,
65,94,1,38,
65,347,1,41,
65,248,1,43,
65,271,1,46,
66,67,1,1,1
66,43,1,1,2
66,116,1,3,
66,2,1,7,
66,193,1,9,
66,490,1,13,
66,69,1,15,
66,279,1,19,
66,282,1,21,
66,233,1,25,
66,358,1,27,
66,530,1,31,
66,66,1,33,
66,339,1,37,
66,238,1,39,
66,184,1,43,
66,223,1,45,
67,67,1,1,1
67,43,1,1,2
67,116,1,1,3
67,2,1,1,4
67,116,1,3,
67,2,1,7,
67,193,1,9,
67,490,1,13,
67,69,1,15,
67,279,1,19,
67,282,1,21,
67,233,1,25,
67,358,1,27,
67,530,1,33,
67,66,1,37,
67,339,1,43,
67,238,1,47,
67,184,1,53,
67,223,1,57,
68,70,1,0,
68,70,1,1,1
68,469,1,1,2
68,67,1,1,3
68,43,1,1,4
68,116,1,1,5
68,2,1,1,6
68,116,1,3,
68,2,1,7,
68,193,1,9,
68,490,1,13,
68,69,1,15,
68,279,1,19,
68,282,1,21,
68,233,1,25,
68,358,1,27,
68,530,1,33,
68,66,1,37,
68,339,1,43,
68,238,1,47,
68,184,1,53,
68,223,1,57,
69,22,1,1,
69,74,1,7,
69,35,1,11,
69,79,1,13,
69,77,1,15,
69,78,1,17,
69,51,1,23,
69,282,1,27,
69,230,1,29,
69,380,1,35,
69,75,1,39,
69,398,1,41,
69,21,1,47,
69,378,1,50,
70,22,1,1,1
70,74,1,1,2
70,35,1,1,3
70,74,1,7,
70,35,1,11,
70,79,1,13,
70,77,1,15,
70,78,1,17,
70,51,1,24,
70,282,1,29,
70,230,1,32,
70,380,1,39,
70,75,1,44,
70,398,1,47,
70,21,1,54,
70,378,1,58,
71,536,1,0,
71,536,1,1,1
71,254,1,1,2
71,256,1,1,3
71,255,1,1,4
71,22,1,1,5
71,79,1,1,6
71,230,1,1,7
71,75,1,1,8
71,437,1,32,
71,348,1,44,
72,40,1,1,
72,48,1,4,
72,132,1,7,
72,51,1,10,
72,390,1,13,
72,352,1,16,
72,35,1,19,
72,491,1,22,
72,61,1,25,
72,112,1,28,
72,398,1,31,
72,362,1,34,
72,103,1,37,
72,506,1,40,
72,482,1,43,
72,56,1,46,
72,378,1,49,
73,513,1,1,1
73,378,1,1,2
73,40,1,1,3
73,48,1,1,4
73,132,1,1,5
73,51,1,1,6
73,48,1,4,
73,132,1,7,
73,51,1,10,
73,390,1,13,
73,352,1,16,
73,35,1,19,
73,491,1,22,
73,61,1,25,
73,112,1,28,
73,398,1,32,
73,362,1,36,
73,103,1,40,
73,506,1,44,
73,482,1,48,
73,56,1,52,
73,378,1,56,
74,33,1,1,1
74,111,1,1,2
74,300,1,4,
74,397,1,6,
74,205,1,10,
74,222,1,12,
74,88,1,16,
74,479,1,18,
74,523,1,22,
74,120,1,24,
74,446,1,28,
74,350,1,30,
74,89,1,34,
74,153,1,36,
74,38,1,40,
74,444,1,42,
75,33,1,1,1
75,111,1,1,2
75,300,1,1,3
75,397,1,1,4
75,300,1,4,
75,397,1,6,
75,205,1,10,
75,222,1,12,
75,88,1,16,
75,479,1,18,
75,523,1,22,
75,120,1,24,
75,446,1,30,
75,350,1,34,
75,89,1,40,
75,153,1,44,
75,38,1,50,
75,444,1,54,
76,484,1,1,1
76,33,1,1,2
76,111,1,1,3
76,300,1,1,4
76,397,1,1,5
76,300,1,4,
76,397,1,6,
76,537,1,10,
76,222,1,12,
76,88,1,16,
76,479,1,18,
76,523,1,22,
76,120,1,24,
76,446,1,30,
76,350,1,34,
76,89,1,40,
76,153,1,44,
76,38,1,50,
76,444,1,54,
76,484,1,60,
77,45,1,1,1
77,33,1,1,2
77,39,1,4,
77,52,1,9,
77,172,1,13,
77,23,1,17,
77,488,1,21,
77,83,1,25,
77,36,1,29,
77,517,1,33,
77,97,1,37,
77,126,1,41,
77,340,1,45,
77,394,1,49,
78,31,1,0,
78,31,1,1,1
78,398,1,1,2
78,224,1,1,3
78,45,1,1,4
78,98,1,1,5
78,39,1,1,6
78,52,1,1,7
78,39,1,4,
78,52,1,9,
78,172,1,13,
78,23,1,17,
78,488,1,21,
78,83,1,25,
78,36,1,29,
78,517,1,33,
78,97,1,37,
78,126,1,41,
78,340,1,45,
78,394,1,49,
79,174,1,1,1
79,281,1,1,2
79,33,1,1,3
79,45,1,5,
79,55,1,9,
79,93,1,14,
79,50,1,19,
79,29,1,23,
79,352,1,28,
79,428,1,32,
79,303,1,36,
79,133,1,41,
79,94,1,45,
79,240,1,49,
79,244,1,54,
79,505,1,58,
80,110,1,0,
80,110,1,1,1
80,505,1,1,2
80,174,1,1,3
80,281,1,1,4
80,33,1,1,5
80,45,1,1,6
80,45,1,5,
80,55,1,9,
80,93,1,14,
80,50,1,19,
80,29,1,23,
80,352,1,28,
80,428,1,32,
80,303,1,36,
80,133,1,43,
80,94,1,49,
80,240,1,55,
80,244,1,62,
80,505,1,68,
81,33,1,1,1
81,48,1,1,2
81,84,1,5,
81,86,1,7,
81,443,1,11,
81,113,1,13,
81,49,1,17,
81,209,1,19,
81,429,1,23,
81,319,1,25,
81,486,1,29,
81,430,1,31,
81,103,1,35,
81,435,1,37,
81,199,1,41,
81,393,1,43,
81,360,1,47,
81,192,1,49,
82,161,1,0,
82,161,1,1,1
82,192,1,1,2
82,604,1,1,3
82,33,1,1,4
82,48,1,1,5
82,84,1,1,6
82,86,1,1,7
82,84,1,5,
82,86,1,7,
82,443,1,11,
82,113,1,13,
82,49,1,17,
82,209,1,19,
82,429,1,23,
82,319,1,25,
82,486,1,29,
82,430,1,33,
82,103,1,39,
82,435,1,43,
82,199,1,49,
82,393,1,53,
82,360,1,59,
82,192,1,63,
83,413,1,1,1
83,398,1,1,2
83,64,1,1,3
83,28,1,1,4
83,43,1,1,5
83,210,1,1,6
83,31,1,7,
83,332,1,9,
83,282,1,13,
83,163,1,19,
83,314,1,21,
83,14,1,25,
83,97,1,31,
83,400,1,33,
83,512,1,37,
83,364,1,43,
83,206,1,45,
83,403,1,49,
83,413,1,55,
84,64,1,1,1
84,45,1,1,2
84,98,1,5,
84,99,1,8,
84,31,1,12,
84,228,1,15,
84,365,1,19,
84,458,1,22,
84,97,1,26,
84,253,1,29,
84,367,1,33,
84,14,1,36,
84,26,1,40,
84,65,1,43,
84,283,1,47,
84,37,1,50,
85,161,1,0,
85,161,1,1,1
85,64,1,1,2
85,45,1,1,3
85,98,1,1,4
85,99,1,1,5
85,98,1,5,
85,99,1,8,
85,31,1,12,
85,228,1,15,
85,365,1,19,
85,458,1,22,
85,97,1,26,
85,253,1,29,
85,367,1,34,
85,14,1,38,
85,26,1,43,
85,65,1,47,
85,283,1,52,
85,37,1,56,
86,29,1,1,
86,45,1,3,
86,346,1,7,
86,196,1,11,
86,227,1,13,
86,420,1,17,
86,156,1,21,
86,392,1,23,
86,62,1,27,
86,453,1,31,
86,362,1,33,
86,36,1,37,
86,291,1,41,
86,401,1,43,
86,58,1,47,
86,219,1,51,
86,258,1,53,
87,329,1,0,
87,329,1,1,1
87,29,1,1,2
87,45,1,1,3
87,324,1,1,4
87,196,1,1,5
87,45,1,3,
87,324,1,7,
87,196,1,11,
87,227,1,13,
87,420,1,17,
87,156,1,21,
87,392,1,23,
87,62,1,27,
87,453,1,31,
87,362,1,33,
87,36,1,39,
87,291,1,45,
87,401,1,49,
87,58,1,55,
87,219,1,61,
87,258,1,65,
88,1,1,1,1
88,139,1,1,2
88,106,1,4,
88,189,1,7,
88,50,1,12,
88,124,1,15,
88,426,1,18,
88,107,1,21,
88,374,1,26,
88,188,1,29,
88,482,1,32,
88,103,1,37,
88,441,1,40,
88,151,1,43,
88,562,1,46,
88,262,1,48,
89,599,1,0,
89,599,1,1,1
89,1,1,1,2
89,139,1,1,3
89,106,1,1,4
89,189,1,1,5
89,106,1,4,
89,189,1,7,
89,50,1,12,
89,124,1,15,
89,426,1,18,
89,107,1,21,
89,374,1,26,
89,188,1,29,
89,482,1,32,
89,103,1,37,
89,441,1,40,
89,151,1,46,
89,562,1,52,
89,262,1,57,
90,33,1,1,1
90,55,1,1,2
90,110,1,4,
90,48,1,8,
90,333,1,13,
90,182,1,16,
90,43,1,20,
90,128,1,25,
90,420,1,28,
90,534,1,32,
90,62,1,37,
90,250,1,40,
90,362,1,44,
90,334,1,49,
90,58,1,52,
90,504,1,56,
90,56,1,61,
91,56,1,1,1
91,504,1,1,2
91,390,1,1,3
91,110,1,1,4
91,48,1,1,5
91,182,1,1,6
91,62,1,1,7
91,131,1,13,
91,191,1,28,
91,556,1,50,
92,95,1,1,1
92,122,1,1,2
92,180,1,5,
92,212,1,8,
92,174,1,12,
92,101,1,15,
92,109,1,19,
92,389,1,22,
92,371,1,26,
92,247,1,29,
92,138,1,33,
92,399,1,36,
92,194,1,40,
92,506,1,43,
92,171,1,47,
93,325,1,0,
93,325,1,1,1
93,95,1,1,2
93,122,1,1,3
93,180,1,1,4
93,180,1,5,
93,212,1,8,
93,174,1,12,
93,101,1,15,
93,109,1,19,
93,389,1,22,
93,371,1,28,
93,247,1,33,
93,138,1,39,
93,399,1,44,
93,194,1,50,
93,506,1,55,
93,171,1,61,
94,325,1,0,
94,325,1,1,1
94,95,1,1,2
94,122,1,1,3
94,180,1,1,4
94,180,1,5,
94,212,1,8,
94,174,1,12,
94,101,1,15,
94,109,1,19,
94,389,1,22,
94,371,1,28,
94,247,1,33,
94,138,1,39,
94,399,1,44,
94,194,1,50,
94,506,1,55,
94,171,1,61,
95,300,1,1,1
95,33,1,1,2
95,106,1,1,3
95,20,1,1,4
95,174,1,4,
95,88,1,7,
95,317,1,10,
95,99,1,13,
95,446,1,16,
95,397,1,19,
95,360,1,20,
95,479,1,22,
95,225,1,25,
95,21,1,28,
95,103,1,31,
95,157,1,34,
95,328,1,37,
95,231,1,40,
95,91,1,43,
95,444,1,46,
95,38,1,49,
95,201,1,52,
96,1,1,1,1
96,95,1,1,2
96,50,1,5,
96,93,1,9,
96,29,1,13,
96,139,1,17,
96,96,1,21,
96,60,1,25,
96,358,1,29,
96,244,1,33,
96,485,1,37,
96,428,1,41,
96,207,1,45,
96,94,1,49,
96,417,1,53,
96,473,1,57,
96,248,1,61,
97,248,1,1,1
97,417,1,1,2
97,171,1,1,3
97,415,1,1,4
97,1,1,1,5
97,95,1,1,6
97,50,1,1,7
97,93,1,1,8
97,50,1,5,
97,93,1,9,
97,29,1,13,
97,139,1,17,
97,96,1,21,
97,60,1,25,
97,358,1,29,
97,244,1,33,
97,485,1,37,
97,428,1,41,
97,207,1,45,
97,94,1,49,
97,417,1,53,
97,473,1,57,
97,248,1,61,
98,300,1,1,1
98,145,1,1,2
98,11,1,5,
98,43,1,9,
98,106,1,11,
98,61,1,15,
98,341,1,19,
98,232,1,21,
98,23,1,25,
98,182,1,29,
98,12,1,31,
98,21,1,35,
98,362,1,39,
98,152,1,41,
98,175,1,45,
99,469,1,1,1
99,300,1,1,2
99,145,1,1,3
99,11,1,1,4
99,43,1,1,5
99,11,1,5,
99,43,1,9,
99,106,1,11,
99,61,1,15,
99,341,1,19,
99,232,1,21,
99,23,1,25,
99,182,1,32,
99,12,1,37,
99,21,1,44,
99,362,1,51,
99,152,1,56,
99,175,1,63,
100,268,1,1,1
100,33,1,1,2
100,49,1,4,
100,598,1,6,
100,209,1,9,
100,205,1,11,
100,103,1,13,
100,451,1,16,
100,129,1,20,
100,486,1,22,
100,120,1,26,
100,113,1,29,
100,393,1,34,
100,435,1,37,
100,153,1,41,
100,360,1,46,
100,243,1,48,
101,602,1,1,1
101,268,1,1,2
101,33,1,1,3
101,49,1,1,4
101,598,1,1,5
101,49,1,4,
101,598,1,6,
101,209,1,9,
101,205,1,11,
101,103,1,13,
101,451,1,16,
101,129,1,20,
101,486,1,22,
101,120,1,26,
101,113,1,29,
101,393,1,36,
101,435,1,41,
101,153,1,47,
101,360,1,54,
101,243,1,58,
102,140,1,1,1
102,253,1,1,2
102,95,1,1,3
102,115,1,7,
102,73,1,11,
102,331,1,17,
102,78,1,19,
102,77,1,21,
102,79,1,23,
102,93,1,27,
102,388,1,33,
102,363,1,37,
102,76,1,43,
102,326,1,47,
102,516,1,50,
103,23,1,0,
103,23,1,1,1
103,402,1,1,2
103,140,1,1,3
103,95,1,1,4
103,93,1,1,5
103,473,1,17,
103,121,1,27,
103,452,1,37,
103,437,1,47,
104,45,1,1,
104,39,1,3,
104,125,1,7,
104,29,1,11,
104,43,1,13,
104,116,1,17,
104,155,1,21,
104,99,1,23,
104,206,1,27,
104,37,1,31,
104,374,1,33,
104,707,1,37,
104,283,1,41,
104,38,1,43,
104,514,1,47,
104,198,1,51,
105,45,1,1,1
105,39,1,1,2
105,125,1,1,3
105,29,1,1,4
105,39,1,3,
105,125,1,7,
105,29,1,11,
105,43,1,13,
105,116,1,17,
105,155,1,21,
105,99,1,23,
105,206,1,27,
105,37,1,33,
105,374,1,37,
105,707,1,43,
105,283,1,49,
105,38,1,53,
105,514,1,59,
105,198,1,65,
106,24,1,0,
106,24,1,1,1
106,179,1,1,2
106,370,1,1,3
106,25,1,1,4
106,279,1,1,5
106,96,1,1,6
106,27,1,1,7
106,26,1,1,8
106,96,1,5,
106,27,1,9,
106,26,1,13,
106,280,1,17,
106,116,1,21,
106,364,1,25,
106,136,1,29,
106,170,1,33,
106,193,1,37,
106,469,1,41,
106,299,1,45,
106,203,1,49,
106,25,1,53,
106,370,1,57,
106,179,1,61,
107,4,1,0,
107,4,1,1,1
107,370,1,1,2
107,68,1,1,3
107,264,1,1,4
107,279,1,1,5
107,97,1,1,6
107,228,1,1,7
107,183,1,1,8
107,97,1,6,
107,228,1,11,
107,183,1,16,1
107,418,1,16,2
107,364,1,21,
107,410,1,26,
107,501,1,31,
107,9,1,36,1
107,8,1,36,2
107,7,1,36,3
107,327,1,41,
107,5,1,46,
107,197,1,50,
107,264,1,56,
107,68,1,61,
107,370,1,66,
108,122,1,1,
108,48,1,5,
108,111,1,9,
108,282,1,13,
108,35,1,17,
108,23,1,21,
108,50,1,25,
108,21,1,29,
108,205,1,33,
108,498,1,37,
108,382,1,41,
108,287,1,45,
108,103,1,49,
108,438,1,53,
108,378,1,57,
109,139,1,1,1
109,33,1,1,2
109,123,1,4,
109,108,1,7,
109,372,1,12,
109,499,1,15,
109,124,1,18,
109,120,1,23,
109,114,1,26,
109,360,1,29,
109,188,1,34,
109,153,1,37,
109,194,1,40,
109,562,1,42,
109,262,1,45,
110,458,1,0,
110,458,1,1,1
110,139,1,1,2
110,33,1,1,3
110,123,1,1,4
110,108,1,1,5
110,123,1,4,
110,108,1,7,
110,372,1,12,
110,499,1,15,
110,124,1,18,
110,120,1,23,
110,114,1,26,
110,360,1,29,
110,188,1,34,
110,153,1,40,
110,194,1,46,
110,562,1,51,
110,262,1,57,
111,30,1,1,1
111,39,1,1,2
111,31,1,5,
111,184,1,9,
111,479,1,13,
111,23,1,17,
111,523,1,21,
111,498,1,25,
111,350,1,29,
111,529,1,33,
111,36,1,37,
111,444,1,41,
111,89,1,45,
111,224,1,49,
111,32,1,53,
112,359,1,0,
112,359,1,1,1
112,32,1,1,2
112,30,1,1,3
112,39,1,1,4
112,31,1,1,5
112,184,1,1,6
112,31,1,5,
112,184,1,9,
112,479,1,13,
112,23,1,17,
112,523,1,21,
112,498,1,25,
112,350,1,29,
112,529,1,33,
112,36,1,37,
112,444,1,41,
112,89,1,48,
112,224,1,55,
112,32,1,62,
113,38,1,1,1
113,111,1,1,2
113,1,1,1,3
113,45,1,1,4
113,39,1,5,
113,287,1,9,
113,3,1,12,
113,135,1,16,
113,516,1,20,
113,107,1,23,
113,36,1,27,
113,47,1,31,
113,374,1,35,
113,505,1,39,
113,121,1,44,
113,113,1,50,
113,361,1,57,
113,38,1,65,
114,275,1,1,1
114,132,1,1,2
114,79,1,4,
114,22,1,7,
114,71,1,10,
114,77,1,14,
114,20,1,17,
114,74,1,20,
114,72,1,23,
114,282,1,27,
114,78,1,30,
114,363,1,33,
114,202,1,36,
114,246,1,38,
114,21,1,41,
114,321,1,44,
114,378,1,46,
114,580,1,48,
114,438,1,50,
115,4,1,1,1
115,43,1,1,2
115,252,1,7,
115,39,1,10,
115,44,1,13,
115,458,1,19,
115,99,1,22,
115,5,1,25,
115,498,1,31,
115,146,1,34,
115,242,1,37,
115,203,1,43,
115,200,1,46,
115,389,1,49,
115,179,1,50,
116,145,1,1,
116,108,1,5,
116,43,1,9,
116,55,1,13,
116,239,1,17,
116,61,1,21,
116,116,1,26,
116,362,1,31,
116,97,1,36,
116,406,1,41,
116,349,1,46,
116,56,1,52,
117,56,1,1,1
117,145,1,1,2
117,108,1,1,3
117,43,1,1,4
117,55,1,1,5
117,108,1,5,
117,43,1,9,
117,55,1,13,
117,239,1,17,
117,61,1,21,
117,116,1,26,
117,362,1,31,
117,97,1,38,
117,406,1,45,
117,349,1,52,
117,56,1,60,
118,64,1,1,1
118,39,1,1,2
118,346,1,1,3
118,48,1,5,
118,30,1,8,
118,175,1,13,
118,352,1,16,
118,392,1,21,
118,31,1,24,
118,97,1,29,
118,127,1,32,
118,32,1,37,
118,487,1,40,
118,224,1,45,
119,224,1,1,1
119,398,1,1,2
119,64,1,1,3
119,39,1,1,4
119,346,1,1,5
119,48,1,1,6
119,48,1,5,
119,30,1,8,
119,175,1,13,
119,352,1,16,
119,392,1,21,
119,31,1,24,
119,97,1,29,
119,127,1,32,
119,32,1,40,
119,487,1,46,
119,224,1,54,
120,33,1,1,1
120,106,1,1,2
120,55,1,4,
120,229,1,7,
120,105,1,10,
120,149,1,13,
120,129,1,16,
120,61,1,18,
120,293,1,22,
120,360,1,24,
120,362,1,28,
120,107,1,31,
120,513,1,35,
120,408,1,37,
120,109,1,40,
120,94,1,42,
120,113,1,46,
120,322,1,49,
120,56,1,53,
121,56,1,1,1
121,671,1,1,2
121,55,1,1,3
121,229,1,1,4
121,105,1,1,5
121,129,1,1,6
121,109,1,40,
122,581,1,1,1
122,345,1,1,2
122,501,1,1,3
122,469,1,1,4
122,384,1,1,5
122,385,1,1,6
122,112,1,1,7
122,1,1,1,8
122,93,1,1,9
122,383,1,4,
122,96,1,8,
122,3,1,11,
122,102,1,15,1
122,149,1,15,2
122,227,1,18,
122,113,1,22,1
122,115,1,22,2
122,60,1,25,
122,164,1,29,
122,278,1,32,
122,271,1,36,
122,94,1,39,
122,272,1,43,
122,226,1,46,
122,219,1,50,
123,410,1,1,1
123,98,1,1,2
123,43,1,1,3
123,116,1,5,
123,228,1,9,
123,206,1,13,
123,97,1,17,
123,17,1,21,
123,210,1,25,
123,163,1,29,
123,13,1,33,
123,104,1,37,
123,404,1,41,
123,400,1,45,
123,458,1,49,
123,403,1,50,
123,14,1,57,
123,364,1,61,
124,577,1,1,1
124,195,1,1,2
124,1,1,1,3
124,122,1,1,4
124,142,1,1,5
124,181,1,1,6
124,122,1,5,
124,142,1,8,
124,181,1,11,
124,3,1,15,
124,8,1,18,
124,531,1,21,
124,212,1,25,
124,313,1,28,
124,358,1,33,
124,419,1,39,
124,34,1,44,
124,378,1,49,
124,195,1,55,
124,59,1,60,
125,98,1,1,1
125,43,1,1,2
125,84,1,1,3
125,84,1,5,
125,67,1,8,
125,129,1,12,
125,351,1,15,
125,86,1,19,
125,486,1,22,
125,113,1,26,
125,9,1,29,
125,435,1,36,
125,103,1,42,
125,85,1,49,
125,87,1,55,
126,123,1,1,1
126,43,1,1,2
126,52,1,1,3
126,52,1,5,
126,108,1,8,
126,185,1,12,
126,83,1,15,
126,499,1,19,
126,481,1,22,
126,109,1,26,
126,7,1,29,
126,436,1,36,
126,241,1,42,
126,53,1,49,
126,126,1,55,
127,11,1,1,1
127,116,1,1,2
127,20,1,4,
127,69,1,8,
127,106,1,11,
127,279,1,15,
127,233,1,18,
127,458,1,22,
127,280,1,26,
127,404,1,29,
127,66,1,33,
127,480,1,36,
127,14,1,40,
127,37,1,43,
127,276,1,47,
127,12,1,50,
128,33,1,1,
128,39,1,3,
128,99,1,5,
128,30,1,8,
128,184,1,11,
128,228,1,15,
128,156,1,19,
128,371,1,24,
128,526,1,29,
128,36,1,35,
128,428,1,41,
128,207,1,48,
128,37,1,55,
128,38,1,63,
128,416,1,71,
129,150,1,1,
129,33,1,15,
129,175,1,30,
130,44,1,0,
130,44,1,1,1
130,37,1,1,2
130,43,1,21,
130,239,1,24,
130,423,1,27,
130,401,1,30,
130,184,1,33,
130,82,1,36,
130,242,1,39,
130,56,1,42,
130,349,1,45,
130,542,1,48,
130,240,1,51,
130,63,1,54,
131,47,1,1,1
131,45,1,1,2
131,55,1,1,3
131,54,1,4,
131,109,1,7,
131,420,1,10,
131,352,1,14,
131,34,1,18,
131,240,1,22,
131,195,1,27,
131,58,1,32,
131,362,1,37,
131,219,1,43,
131,56,1,47,
131,329,1,50,
132,144,1,1,
133,343,1,1,1
133,270,1,1,2
133,45,1,1,3
133,33,1,1,4
133,39,1,1,5
133,28,1,5,
133,608,1,9,
133,98,1,13,
133,44,1,17,1
133,129,1,17,2
133,287,1,20,
133,36,1,25,
133,204,1,29,
133,226,1,33,
133,38,1,37,
133,387,1,41,
133,376,1,45,
134,55,1,0,
134,55,1,1,1
134,270,1,1,2
134,33,1,1,3
134,39,1,1,4
134,28,1,5,
134,608,1,9,
134,98,1,13,
134,352,1,17,
134,62,1,20,
134,392,1,25,
134,151,1,29,
134,114,1,33,
134,330,1,37,
134,387,1,41,
134,56,1,45,
135,84,1,0,
135,84,1,1,1
135,270,1,1,2
135,33,1,1,3
135,39,1,1,4
135,28,1,5,
135,608,1,9,
135,98,1,13,
135,24,1,17,
135,422,1,20,
135,42,1,25,
135,97,1,29,
135,86,1,33,
135,435,1,37,
135,387,1,41,
135,87,1,45,
136,52,1,0,
136,52,1,1,1
136,270,1,1,2
136,33,1,1,3
136,39,1,1,4
136,28,1,5,
136,608,1,9,
136,98,1,13,
136,44,1,17,
136,424,1,20,
136,83,1,25,
136,184,1,29,
136,123,1,33,
136,436,1,37,
136,387,1,41,
136,394,1,45,
137,176,1,1,1
137,33,1,1,2
137,160,1,1,3
137,159,1,1,4
137,60,1,7,
137,97,1,12,
137,105,1,18,
137,393,1,23,
137,324,1,29,
137,278,1,34,
137,435,1,40,
137,199,1,45,
137,161,1,50,
137,277,1,56,
137,192,1,62,
138,132,1,1,1
138,110,1,1,2
138,44,1,7,
138,55,1,10,
138,205,1,16,
138,43,1,19,
138,341,1,25,
138,362,1,28,
138,182,1,34,
138,246,1,37,
138,321,1,43,
138,350,1,46,
138,504,1,50,
138,56,1,55,
139,131,1,0,
139,131,1,1,1
139,56,1,1,2
139,132,1,1,3
139,110,1,1,4
139,44,1,1,5
139,44,1,7,
139,55,1,10,
139,205,1,16,
139,43,1,19,
139,341,1,25,
139,362,1,28,
139,182,1,34,
139,246,1,37,
139,321,1,48,
139,350,1,56,
139,504,1,67,
139,56,1,75,
140,10,1,1,1
140,106,1,1,2
140,71,1,6,
140,43,1,11,
140,341,1,16,
140,28,1,21,
140,203,1,26,
140,453,1,31,
140,72,1,36,
140,319,1,41,
140,246,1,46,
140,378,1,50,
141,163,1,0,
141,163,1,1,1
141,400,1,1,2
141,364,1,1,3
141,10,1,1,4
141,106,1,1,5
141,71,1,1,6
141,43,1,1,7
141,71,1,6,
141,43,1,11,
141,341,1,16,
141,28,1,21,
141,203,1,26,
141,453,1,31,
141,72,1,36,
141,319,1,45,
141,246,1,54,
141,378,1,63,
141,400,1,72,
142,442,1,1,1
142,423,1,1,2
142,424,1,1,3
142,422,1,1,4
142,17,1,1,5
142,48,1,1,6
142,44,1,1,7
142,184,1,1,8
142,46,1,9,
142,97,1,17,
142,246,1,25,
142,242,1,33,
142,36,1,41,
142,507,1,49,
142,442,1,57,
142,63,1,65,
142,157,1,73,
142,416,1,81,
143,33,1,1,
143,111,1,4,
143,133,1,9,
143,122,1,12,
143,498,1,17,
143,281,1,20,
143,34,1,25,
143,156,1,28,1
143,173,1,28,2
143,214,1,33,
143,416,1,35,
143,205,1,36,
143,335,1,41,
143,187,1,44,
143,242,1,49,
143,484,1,50,
143,667,1,57,
144,16,1,1,1
144,181,1,1,2
144,54,1,8,
144,420,1,15,
144,170,1,22,
144,246,1,29,
144,97,1,36,
144,573,1,43,
144,115,1,50,
144,258,1,57,
144,366,1,64,
144,58,1,71,
144,59,1,78,
144,355,1,85,
144,542,1,92,
144,329,1,99,
145,64,1,1,1
145,84,1,1,2
145,86,1,8,
145,197,1,15,
145,365,1,22,
145,246,1,29,
145,268,1,36,
145,97,1,43,
145,435,1,50,
145,240,1,57,
145,113,1,64,
145,65,1,71,
145,87,1,78,
145,355,1,85,
145,602,1,92,
145,192,1,99,
146,17,1,1,1
146,52,1,1,2
146,83,1,8,
146,97,1,15,
146,203,1,22,
146,246,1,29,
146,53,1,36,
146,219,1,43,
146,403,1,50,
146,241,1,57,
146,257,1,64,
146,76,1,71,
146,143,1,78,
146,355,1,85,
146,542,1,92,
146,682,1,99,
147,35,1,1,1
147,43,1,1,2
147,86,1,5,
147,239,1,11,
147,82,1,15,
147,21,1,21,
147,97,1,25,
147,525,1,31,
147,401,1,35,
147,407,1,41,
147,219,1,45,
147,349,1,51,
147,200,1,55,
147,63,1,61,
148,35,1,1,1
148,43,1,1,2
148,86,1,1,3
148,239,1,1,4
148,86,1,5,
148,239,1,11,
148,82,1,15,
148,21,1,21,
148,97,1,25,
148,525,1,33,
148,401,1,39,
148,407,1,47,
148,219,1,53,
148,349,1,61,
148,200,1,67,
148,63,1,75,
149,17,1,0,
149,17,1,1,1
149,542,1,1,2
149,7,1,1,3
149,9,1,1,4
149,355,1,1,5
149,35,1,1,6
149,43,1,1,7
149,86,1,1,8
149,239,1,1,9
149,86,1,5,
149,239,1,11,
149,82,1,15,
149,21,1,21,
149,97,1,25,
149,525,1,33,
149,401,1,39,
149,407,1,47,
149,219,1,53,
149,349,1,61,
149,200,1,67,
149,63,1,75,
149,542,1,81,
150,673,1,1,1
150,149,1,1,2
150,93,1,1,3
150,50,1,1,4
150,219,1,1,5
150,129,1,8,
150,248,1,15,
150,244,1,22,
150,357,1,29,
150,427,1,36,
150,384,1,43,1
150,385,1,43,2
150,105,1,50,
150,94,1,57,
150,112,1,64,
150,396,1,70,
150,133,1,79,
150,54,1,86,
150,382,1,93,
150,540,1,100,
151,1,1,1,1
151,513,1,1,2
151,144,1,1,3
151,5,1,10,
151,118,1,20,
151,94,1,30,
151,112,1,40,
151,246,1,50,
151,133,1,60,
151,382,1,70,
151,226,1,80,
151,417,1,90,
151,396,1,100,